trial,timestamp,lookback,horizon,stride,epochs,lr,hidden,n_layers,dropout,batch_size,weight_decay,entropy_bonus,early_stop_patience,seed,n_windows,n_holdout_windows,holdout_start,total_return,ann_return,ann_volatility,sharpe,sortino,calmar,max_drawdown,final_nav_eur,nav_growth_eur,median_sharpe,median_return,median_max_dd,sharpe_ci_low,sharpe_ci_high,psr,psr_vs_sharpe_1,holdout_sharpe,holdout_total_return,holdout_ann_return,holdout_max_drawdown,holdout_final_nav_eur,holdout_median_sharpe,holdout_median_return,holdout_sharpe_ci_low,holdout_sharpe_ci_high,holdout_psr,holdout_psr_vs_sharpe_1,won,won_vs_benchmarks,won_vs_all,max_competitor_sharpe,max_competitor_nav,objective,train_time_s,backtest_time_s
1,2026-06-21 21:57:06.222285,60,126,5,30,0.00012551115172973836,64,3,0.35000000000000003,32,8.179499475211674e-06,0.03,6,6119,5,3,2020-01-01,0.809070620167706,0.12608964773561193,0.11435760876431689,1.0958383684151516,1.5438120262384487,0.7381108701870481,-0.17082751769210358,17771.59877945483,17569.621131427764,1.4992173916409348,0.20181732767325067,-0.08629255746646392,0.33061917996966866,1.9298184591981187,0.9922885021157957,0.5838862104857423,0.49960534242772825,0.27593645055292204,0.08461685256111884,-0.2925103122092445,30122.334427846217,1.1013066561257971,0.15211632653071505,-0.5265532210840216,1.6347098510609552,0.8055808516253424,0.19404469273780656,True,True,True,1.1117728365727093,17447.687450123794,17771.59877945483,13.336511611938477,0.2478475570678711
2,2026-06-21 21:57:15.308540,60,252,10,30,0.000747599299995651,192,1,0.4,32,1.9634341572933354e-06,0.04,6,4952,5,3,2020-01-01,1.3875115725895628,0.19044482248783767,0.15460846263720993,1.2051700655164985,1.7637541007423625,0.9738024280328982,-0.195568235409456,21579.860943145308,21376.98697788609,1.392188607532285,0.21227512665656234,-0.11082133822473073,0.42390348269593486,2.0340139476896484,0.9962798505565095,0.6756776909407506,0.5594405089414393,0.3797361162441064,0.11326531290070974,-0.29663684114348177,37345.55407729264,1.17682900075495,0.18786547702262224,-0.418272603419907,1.6428212362012238,0.832705616137384,0.22366658159784986,True,True,True,1.1117728365727093,17447.687450123794,21579.860943145308,6.754390239715576,0.2655513286590576
3,2026-06-21 21:57:27.525760,60,126,5,50,0.0008488762161408717,128,3,0.25,32,1.3667272915456224e-06,0.01,6,8288,5,3,2020-01-01,1.1817185035607247,0.16914255683813884,0.15733294282187127,1.0721527064485035,1.556717707185083,0.6716450918943708,-0.2518332358553731,21275.221947825437,21071.60697113493,1.4067586854669911,0.199850741365045,-0.10046684556149799,0.3049045567658236,1.912673746277823,0.9914575719343057,0.5637544732009047,0.49686455679563807,0.332104931944188,0.10030430477449115,-0.3324688511919607,35841.6394782055,1.0696680934464697,0.17186018278928894,-0.4638390148810751,1.5489960960973277,0.8045282582889259,0.19249599511288767,True,True,True,1.1117728365727093,17447.687450123794,21275.221947825437,10.074855327606201,0.27524757385253906
4,2026-06-21 21:57:35.618219,60,252,10,20,0.0047499747713783975,256,3,0.30000000000000004,32,2.2264204303769692e-06,0.05,6,635,5,3,2020-01-01,1.0989142527428881,0.16011574857281086,0.14660526328142146,1.0866359564593184,1.5996826735370198,0.8938535910784803,-0.17912972568541452,19752.820438061004,19549.22602180548,1.1987393179407473,0.15347535140396307,-0.12940797957553907,0.24805038852979464,1.9396945078039316,0.9920123421114907,0.5761697744746546,0.5023410974977212,0.3500304032707051,0.10521774631553216,-0.3690365526259145,34013.67352839726,1.1289559566822376,0.17162134566904652,-0.4668071903879889,1.6100482340830704,0.8080471659822903,0.19417685764770726,True,True,True,1.1117728365727093,17447.687450123794,19752.820438061004,6.0491650104522705,0.2786824703216553
5,2026-06-21 21:57:49.170084,60,252,10,50,0.00015965665886173757,256,2,0.2,32,1.2424747083660194e-06,0.03,10,9076,5,3,2020-01-01,1.3695232263564403,0.18864268793578698,0.15405417636296637,1.1991373294958312,1.7479726834069556,1.0248827955216409,-0.1840626935685581,21082.93067699556,20879.383540445106,1.30781775578136,0.22501532110055877,-0.12439199404493972,0.3935433111170765,2.006146952599743,0.996069970733469,0.6705420021140048,0.5758953582379982,0.4156169433964738,0.12283321364780408,-0.32805023069751793,37452.54014587369,1.2125274251613871,0.1951906114166484,-0.3968639350754681,1.6435095147520344,0.8400122603342717,0.23196762520866498,True,True,True,1.1117728365727093,17447.687450123794,21082.93067699556,11.561787843704224,0.27390241622924805
6,2026-06-21 21:58:06.773049,60,252,5,40,0.00018789279685460533,64,3,0.05,32,0.00048783606034521424,0.01,10,4271,5,3,2020-01-01,1.19648556286944,0.17072347902008334,0.15383796347366216,1.101816316522942,1.600324606318223,1.008471035815747,-0.16928942226088428,20678.45497020319,20476.623511784546,1.3990328840498978,0.2592735683669991,-0.11222544772240917,0.2942274706982138,1.940914611684775,0.9927042518698344,0.5892799337770976,0.5483384259189293,0.39522390595188006,0.11741535851660223,-0.35929159582803405,36403.439737111024,1.2041134350601332,0.18782045806945047,-0.43518650445863444,1.610134411012789,0.8280410426327727,0.2178177298955149,True,True,True,1.1117728365727093,17447.687450123794,20678.45497020319,15.60397219657898,0.26820993423461914
7,2026-06-21 21:58:20.103692,60,126,5,30,0.00015982608583855863,128,3,0.15000000000000002,32,3.10274095091284e-05,0.01,6,6096,5,3,2020-01-01,0.9104616686251721,0.13845811690061494,0.12610957180077256,1.0915996428427588,1.5166625202277366,0.8357787397765044,-0.1656636024716781,18624.708844228015,18422.817473312985,1.35668367257824,0.19605070609060982,-0.11800972011966648,0.28283840352902473,1.8846426141924317,0.9920446490130027,0.5801632823376842,0.5094032155007937,0.3369117622746278,0.10162617940991758,-0.3200129195759083,32443.256586765034,1.0641350740325308,0.17990278777394586,-0.46609914827961585,1.591807868914748,0.8103652776860555,0.19855810479242536,True,True,True,1.1117728365727093,17447.687450123794,18624.708844228015,11.364007949829102,0.2619757652282715
8,2026-06-21 21:58:30.137745,60,63,5,30,0.0006785245383889538,64,1,0.30000000000000004,128,4.0487788181534125e-05,0.0,6,1865,5,3,2020-01-01,0.8520217079832073,0.13139516031385545,0.1398290256625073,0.9529856418410418,1.3502129657069435,0.6111520372464604,-0.21499586405022075,18903.1690215078,18701.611356773956,1.437359792337325,0.21827879251968296,-0.1189098363106399,0.12738641893704342,1.7699423351481336,0.9827984263838485,0.4584432586431738,0.628771450665641,0.41544382336725905,0.12278744023803956,-0.2837339212060639,34486.671380569765,1.168464221984671,0.16619610706484944,-0.33233084816870606,1.6773219672996769,0.8608665121541086,0.261044977884942,True,True,True,1.1117728365727093,17447.687450123794,18903.1690215078,8.082059383392334,0.262570858001709
9,2026-06-21 21:58:37.664911,60,252,10,30,0.0012477547117579705,256,1,0.15000000000000002,64,5.940525755701932e-06,0.03,6,5297,5,3,2020-01-01,1.420377495653271,0.19370958930775295,0.15760599011636459,1.2026058910277901,1.765463174174164,0.9683121359053785,-0.20004870549994003,21832.13820054718,21628.51032093688,1.333908820472056,0.22518203089422784,-0.12037952926919238,0.40752133404486474,2.0245047234011535,0.9962151306828609,0.6736217549903828,0.6215294209755132,0.4613743358605711,0.1348030439254242,-0.3029825551801675,39701.14308157904,1.2660832969384213,0.19868816359838704,-0.3682754829538901,1.7094760286790258,0.8579190434772626,0.25714291457151306,True,True,True,1.1117728365727093,17447.687450123794,21832.13820054718,5.489777326583862,0.2739555835723877
10,2026-06-21 21:58:50.856790,60,252,5,40,0.0003920095005479954,128,2,0.0,64,1.0655924993232579e-06,0.0,6,1608,5,3,2020-01-01,1.2881350232253288,0.18034953241611484,0.16439414342373432,1.0911052546942468,1.6030077491833254,0.8352056760232118,-0.21593427534501408,20733.01086403521,20529.42326584811,1.3946956655921312,0.2556272027176987,-0.11753916847904233,0.2846929758385743,1.898578765231449,0.9922882638395897,0.5801416406600194,0.6542569810075942,0.5277022649202834,0.15171822920542088,-0.3205366198758225,39515.14528526208,1.2236948074174054,0.23823831475798118,-0.30501804361658935,1.6884777934079682,0.8709075224792924,0.2750816257749952,True,True,True,1.1117728365727093,17447.687450123794,20733.01086403521,11.244869947433472,0.27526164054870605
11,2026-06-21 21:58:57.673661,60,63,10,80,0.002371707297862876,256,1,0.1,64,2.145584375101421e-05,0.05,10,3561,5,3,2020-01-01,0.9338796658741799,0.14123994439589094,0.11304096479689325,1.225563372368281,1.7014820751095256,1.0437131513837823,-0.1353244847098375,18354.980807436623,18154.05194916344,1.4865746233599322,0.23316418042682518,-0.10201115248337989,0.41626079884271955,2.0553652855133593,0.9965625912526398,0.6905661400566451,0.5470497535159384,0.2874244568587194,0.0878622796126396,-0.23304470276669886,31097.88264810933,0.9872246815713689,0.13292572356163057,-0.5510202947226267,1.6585306931949086,0.8267604702611202,0.21784233953390347,True,True,True,1.1117728365727093,17447.687450123794,18354.980807436623,4.812173128128052,0.2633543014526367
12,2026-06-21 21:59:07.156649,60,252,10,70,0.001496172247135983,192,1,0.4,64,6.465883690724674e-06,0.04,6,6768,5,3,2020-01-01,1.3945229953382228,0.19114431082968175,0.16082721991011484,1.1683251123394285,1.6937230431878127,0.8551747218780241,-0.22351492150038688,21882.694075288295,21679.013692432134,1.351212379837464,0.24377772941924825,-0.12598010211502209,0.37823026516107383,1.9587762227674366,0.9952629716707618,0.6457209807872453,0.517465235289454,0.31073092602924834,0.0943876467577367,-0.2688406377713465,36114.962797626016,1.0878566402331329,0.2207379325741634,-0.5461081531325074,1.6084969164495762,0.8138505117953667,0.20271836648347585,True,True,True,1.1117728365727093,17447.687450123794,21882.694075288295,7.246192455291748,0.2731289863586426
13,2026-06-21 21:59:16.362832,60,252,10,70,0.001620424980720664,192,1,0.15000000000000002,64,7.2891622315365025e-06,0.04,6,7268,5,3,2020-01-01,1.496577392236297,0.20114475306858925,0.1580575546820606,1.2389355981352106,1.8099270431017158,0.9904458730821012,-0.2030850534443246,22213.42171052755,22010.140345756103,1.3764740197531247,0.2520889284573258,-0.11835282722120621,0.4461819148907383,2.0506440805660264,0.9970199066826625,0.7020638821162398,0.6443323788471577,0.4476818718442279,0.13124770732227908,-0.26000862033218775,39858.8917384912,1.288521422648425,0.2182119564472731,-0.4094180318503087,1.7017001333796513,0.866278526479574,0.2702209012641543,True,True,True,1.1117728365727093,17447.687450123794,22213.42171052755,7.198609113693237,0.2807590961456299
14,2026-06-21 21:59:26.712689,60,252,10,80,0.0022573646393924756,192,2,0.4,64,0.00013025105444374022,0.04,6,7442,5,3,2020-01-01,0.9674799840817201,0.14518464904778172,0.16136819672012184,0.9210693638892454,1.2909727925828585,0.7961092065357132,-0.18236775539822725,19081.624123823593,18879.71093964832,1.1927113330607837,0.19164998286498136,-0.14044207393987695,0.11002178395552255,1.7671781344677935,0.9792108967058334,0.43068860619600013,0.5766728512190635,0.4475885486053177,0.1312233985818223,-0.3677580089389152,35184.69865193372,1.1674260943151844,0.2386417439073356,-0.33979932639053734,1.60934305327166,0.8407721591429018,0.2319773629365835,True,True,True,1.1117728365727093,17447.687450123794,19081.624123823593,8.311788320541382,0.2820241451263428
15,2026-06-21 21:59:37.076769,60,252,10,70,0.0016863224068748345,192,1,0.25,64,7.914164981730528e-06,0.04,10,7284,5,3,2020-01-01,1.4770923264113285,0.19926096682782934,0.1514296082151417,1.2760135075339938,1.8686704403224903,1.045673818535761,-0.19055747910648757,22138.93622895738,21935.288148054482,1.3615674761248868,0.21571539264617212,-0.10569643218867386,0.4830786316996341,2.0937972956984656,0.9976949370197246,0.730003062124398,0.551521166376612,0.35188624798365575,0.10572395056014394,-0.29192121410433636,37394.34131006149,1.2074699433355023,0.19790052846556483,-0.4487196600972667,1.6096337846302016,0.8289927572972857,0.2198602845000217,True,True,True,1.1117728365727093,17447.687450123794,22138.93622895738,8.364052772521973,0.2570986747741699
16,2026-06-21 21:59:43.168103,60,63,10,70,0.004452360771482319,192,1,0.2,128,1.3552906869901837e-05,0.05,10,9958,5,3,2020-01-01,0.7953699547639197,0.12437609251879644,0.14533861036343595,0.879459836370525,1.2084080855357855,0.5404209721808749,-0.23014667994262938,18314.16911523912,18113.557507025598,1.474060174774868,0.19303612792149893,-0.1250946142567766,0.06604359492883542,1.6831775755926224,0.9743722414840953,0.3946657273455466,0.5507916262523423,0.27921145351997145,0.08554403787243747,-0.22722321422736913,30854.171522650027,0.9281589712028885,0.10962563484808996,-0.5137542618511853,1.6313252116484331,0.8286683032462586,0.2194931807573926,True,True,True,1.1117728365727093,17447.687450123794,18314.16911523912,4.101675033569336,0.26195526123046875
17,2026-06-21 21:59:51.011226,60,252,10,60,0.0026630688305932597,192,2,0.25,64,9.36382980012039e-05,0.02,10,7924,5,3,2020-01-01,1.2152826725527062,0.17272359858723618,0.15189784769794987,1.1252030395763202,1.6355200893197115,0.9533450495664223,-0.18117637330344372,20505.587921114748,20302.575095820142,1.191627652592152,0.19077874811502937,-0.12115155109868825,0.33036148810927324,1.9479682520497887,0.99360537829119,0.6091175667506131,0.5102267629732175,0.3598429436551367,0.10788900076407004,-0.3690429064959594,35183.90358213217,1.0482738505412907,0.1600429261641807,-0.4511006562638258,1.5292030831206394,0.8115492577376322,0.1981638488874118,True,True,True,1.1117728365727093,17447.687450123794,20505.587921114748,5.741727828979492,0.2913649082183838
18,2026-06-21 22:00:02.613401,60,252,10,70,0.0004027906156425812,192,1,0.1,64,3.421422157750543e-06,0.04,10,9035,5,3,2020-01-01,1.3598482702633232,0.18766888868038456,0.14688664494176742,1.244725275206616,1.7877008796964775,1.0804335403026457,-0.1736977626849826,21334.250897190184,21131.818525275,1.3948620856524558,0.23656216916972017,-0.10327842551565003,0.46236944889916054,2.0706106372146738,0.9970881071106303,0.7061457993999235,0.6668734003558161,0.4902576396311549,0.1422305869142635,-0.2944485623179651,39618.569991283206,1.3054903973998777,0.24203958552905958,-0.3270722434130696,1.7137837365995927,0.8744609131072594,0.2832094337355089,True,True,True,1.1117728365727093,17447.687450123794,21334.250897190184,9.569154500961304,0.28361082077026367
19,2026-06-21 22:00:09.761970,60,63,10,60,0.0014130417129334797,192,2,0.2,64,1.4220831705950319e-05,0.02,10,3324,5,3,2020-01-01,0.9034958942662854,0.13762539094605186,0.1507297708780157,0.9310020252046912,1.3362771682771595,0.5141587158673322,-0.2676710258891404,19508.933044026824,19306.443436094745,1.4882457147689299,0.21050858654585203,-0.09415072948069803,0.15107629479509666,1.8069336598763617,0.9807678172069727,0.4390408968211773,0.6414250364789359,0.44219652090312334,0.1298171111074593,-0.24875023875749314,35769.639922891154,1.1368219680050746,0.23197774389342096,-0.35204371873586543,1.647599322611184,0.8656166775414549,0.2682105999126342,True,True,True,1.1117728365727093,17447.687450123794,19508.933044026824,5.0585713386535645,0.26465296745300293
20,2026-06-21 22:00:16.448064,60,126,10,60,0.0027363509442430854,192,1,0.1,128,3.724647612437732e-06,0.04,10,7219,5,3,2020-01-01,1.0963443694172903,0.15983107139653452,0.1669863801333029,0.9716257744067838,1.3902652353742089,0.5897822444006676,-0.2710001410078964,20568.507169023607,20364.76047382506,1.460397931144925,0.22265899578688453,-0.11085940466345678,0.17535636097886373,1.8019575793983327,0.9847240361273177,0.47481889199586247,0.531415530967834,0.3330086499072322,0.10055306895775717,-0.29915822717844376,34871.780545764086,1.1875785859915637,0.15945740180222923,-0.48581475358546533,1.5763479726771168,0.8203799121168389,0.20942561043331903,True,True,True,1.1117728365727093,17447.687450123794,20568.507169023607,4.658133506774902,0.26984286308288574
21,2026-06-21 22:00:30.214653,60,252,10,80,0.00039801864072405984,192,2,0.25,64,5.882881907259363e-05,0.05,10,6037,5,3,2020-01-01,1.3925137927508833,0.19094403213522915,0.15770079557531175,1.1872797555755077,1.7053691550723404,0.9124385721248397,-0.20926782138393007,21556.214651866838,21352.658513952094,1.3088369610070387,0.22678670641741716,-0.12918372063980588,0.3683538740932191,2.0202184925962556,0.9957695522965786,0.6610540772148568,0.6274935006787455,0.4312725463278735,0.1269572634361933,-0.2733145041796522,38541.17684603637,1.268079743975107,0.21548110646183893,-0.39793665134279776,1.6925064441222928,0.8599895993363977,0.2606654538386647,True,True,True,1.1117728365727093,17447.687450123794,21556.214651866838,11.725380897521973,0.309450626373291
22,2026-06-21 22:00:40.043164,60,252,10,70,0.0015794659916165948,192,1,0.35000000000000003,64,7.533285162880639e-06,0.04,6,6870,5,3,2020-01-01,1.4036023117559133,0.19204767111208376,0.15680226834471506,1.1990810572402986,1.7359641355502349,0.9254858488795182,-0.20751011087267845,21820.735027964954,21617.40085749508,1.3198824377577336,0.22946594199644954,-0.12383052102832737,0.3938620537543664,1.9890478500606235,0.9961089807053871,0.6707062445049312,0.5186918941034506,0.3215469631501442,0.09738966812375893,-0.28031488127811355,36314.59346206032,1.08054062095721,0.19264293467347327,-0.5039422629804472,1.6035485440498378,0.814659977662789,0.203077126708457,True,True,True,1.1117728365727093,17447.687450123794,21820.735027964954,7.831913232803345,0.2700352668762207
23,2026-06-21 22:00:50.295701,60,252,10,70,0.0011048111714087312,192,1,0.35000000000000003,64,4.672450305870543e-06,0.03,6,6696,5,3,2020-01-01,1.3978431740650055,0.1914749741999351,0.15860601727256146,1.1842191058343539,1.7204984112453376,0.9685206235301461,-0.19769839644924736,21673.406549911382,21470.532656430572,1.3126429365352705,0.22753590512367516,-0.1272461438254009,0.3679261337808805,2.0103320999344634,0.9956846043063254,0.6585680592442966,0.5721832444421219,0.38999428452252216,0.11601750028293756,-0.29697114211373965,37785.119957397466,1.130455967174142,0.2244504838671495,-0.43676506364364537,1.6551797499114287,0.8382389872959873,0.23020987504640017,True,True,True,1.1117728365727093,17447.687450123794,21673.406549911382,8.236703634262085,0.27712082862854004
24,2026-06-21 22:00:59.528233,60,252,10,60,0.0018347768590973473,192,1,0.15000000000000002,64,1.1465858449050082e-05,0.04,6,8509,5,3,2020-01-01,1.542060457502973,0.20549665588711052,0.16068303229605027,1.2438107741379658,1.8270988060243063,1.0183114856565603,-0.20180137294102674,22457.284781798942,22253.679424055816,1.4123381709123932,0.24190986108361212,-0.11629149701300456,0.4606109466603376,2.052450872430935,0.9971294361937832,0.7059000492875166,0.6031135660907152,0.4182184948246688,0.12352062200491143,-0.2951468653298196,39487.44652986196,1.2511063619932783,0.19470688979326,-0.3993227415809642,1.6871045010667798,0.8506560206294137,0.24702161487306373,True,True,True,1.1117728365727093,17447.687450123794,22457.284781798942,7.005998611450195,0.27640628814697266
25,2026-06-21 22:01:08.849416,60,252,10,60,0.001964410700056394,192,1,0.15000000000000002,64,1.4725293618328629e-05,0.03,6,8612,5,3,2020-01-01,1.4525231212777823,0.19686868836739668,0.1529773707623061,1.2515927240818516,1.8225268954626004,1.060016839127496,-0.1857222273274829,21858.71416285701,21655.812028520362,1.3362193617709974,0.22353523732034875,-0.12440510263671467,0.45909532859044744,2.0543191838848442,0.9972530301427218,0.7116243778383917,0.5644851567615033,0.39336744915280186,0.11691953509165964,-0.3111433289889629,38095.69239738117,1.178348672254447,0.18024321381838848,-0.4535722144706848,1.6229960625334607,0.8350793670888781,0.22608546873564617,True,True,True,1.1117728365727093,17447.687450123794,21858.71416285701,7.263224840164185,0.2581212520599365
26,2026-06-21 22:01:18.346495,60,252,10,60,0.0030270804302546107,192,1,0.05,64,1.138960668388081e-05,0.05,6,9622,5,3,2020-01-01,1.3781825067631046,0.18951156511879508,0.1557767640510995,1.1922571567115934,1.75168563912145,0.9489606283888391,-0.19970434963202943,21748.623724393605,21545.13401356616,1.2536363150134662,0.2054893466764076,-0.13318290633658303,0.4000213147854106,1.9963191487325247,0.9959527259548833,0.6653171930517067,0.6183732473979698,0.3927933895284612,0.11676612581371204,-0.25591337448026763,37922.894960617115,1.1586515909055912,0.24984977279070253,-0.3936568657729532,1.6437321784148877,0.856474806343724,0.25558308879355013,True,True,True,1.1117728365727093,17447.687450123794,21748.623724393605,7.496673345565796,0.2722585201263428
27,2026-06-21 22:01:26.688424,60,252,10,80,0.00364020089051541,192,2,0.2,128,2.4923685466455852e-05,0.04,10,7940,5,3,2020-01-01,1.0769437683783973,0.1576729284413949,0.16767108046596965,0.957330331748773,1.3605005007064706,0.8117618893335781,-0.19423544085179667,19469.29759692111,19265.807955889384,1.1805985010110451,0.18927021118179055,-0.14163352083928205,0.13779288229973416,1.797734654258597,0.9830100520505374,0.46235382747014275,0.5092740888672056,0.3601299936659941,0.10796695025003356,-0.3690476147678816,33843.519645088396,1.141323146726974,0.173414997771431,-0.4680528649515695,1.5450793350575214,0.8109857461532235,0.19782146678530232,True,True,True,1.1117728365727093,17447.687450123794,19469.29759692111,6.156460285186768,0.2873520851135254
28,2026-06-21 22:01:35.384809,60,252,10,50,0.0010429442300636564,128,1,0.15000000000000002,64,0.0008358580777759516,0.02,6,7663,5,3,2020-01-01,1.4276288354396,0.19442512962744418,0.15660951764502457,1.2130972437616503,1.7609727813752285,1.0413189897196393,-0.18671044276239546,21461.530467864282,21257.95745208939,1.3562423070567085,0.22205849194640082,-0.11509053481423259,0.41099999466192305,2.0396102621693126,0.996445678252672,0.6818349728270809,0.5555321752860077,0.37518952762522284,0.11204113453314912,-0.3065113369761323,37091.68195693929,1.1128379108033761,0.2209019188288841,-0.42497763385921655,1.6347246104417732,0.8310739133959753,0.2215982066379547,True,True,True,1.1117728365727093,17447.687450123794,21461.530467864282,6.672311544418335,0.26909446716308594
29,2026-06-21 22:01:42.698766,60,63,10,70,0.0005705621361555472,64,1,0.25,64,2.836661931548715e-06,0.04,10,8885,5,3,2020-01-01,0.8281002066242327,0.12845256070078737,0.11716609015196978,1.090238075829688,1.5531827037585317,0.7248329333889992,-0.17721678304571487,18282.66560636158,18080.595342320663,1.5083646645081021,0.210278398738718,-0.0835086947152136,0.3091462149160445,1.9350611225644911,0.9920862303553131,0.5791467136950592,0.5209369318379158,0.23783527446586517,0.07371153348019344,-0.21447198210455798,30035.095878710497,1.0771300068902803,0.1179345618744918,-0.6375191180338761,1.6203808361117336,0.8147633237415592,0.20508396999258838,True,True,True,1.1117728365727093,17447.687450123794,18282.66560636158,5.290142297744751,0.2675747871398926
30,2026-06-21 22:01:52.679789,60,126,5,50,0.0018597743994389852,64,2,0.30000000000000004,64,0.0002365688685391542,0.03,6,6087,5,3,2020-01-01,1.1604109026188856,0.166846271781961,0.146706164831584,1.1254408996638572,1.6196469036583152,0.8815115241200423,-0.1892729331570715,20580.17983698684,20378.453844588177,1.4160630632311397,0.21934677794601187,-0.13135367502479478,0.312619744296765,1.932255623123442,0.9937021346464022,0.609528746787687,0.5409973908729601,0.3541978092826805,0.10635380959113916,-0.30055599024216473,35400.84201340245,1.1316337346672654,0.1910991284289183,-0.43225406011994194,1.5825256294011285,0.8248036449118641,0.21409440587922213,True,True,True,1.1117728365727093,17447.687450123794,20580.17983698684,7.90752649307251,0.29343557357788086
31,2026-06-21 22:01:58.490002,60,126,10,60,0.0034937710577309573,192,1,0.05,128,1.0434548061280307e-05,0.05,6,5378,5,3,2020-01-01,0.9289103066349211,0.14065189408657774,0.14739604604062845,0.966713808088701,1.3901253845637744,0.6014117362006295,-0.23386955328662995,18937.49172259488,18734.222035922954,1.45494639891881,0.21965787826483796,-0.09916937798395042,0.14454883446125086,1.836958921850467,0.9842225576648226,0.47049341006831996,0.5248533346254485,0.32973111853364556,0.0996503347380917,-0.3066337228471816,32604.080777709674,1.1266923294481237,0.19792668213651687,-0.4681935420751707,1.5603513846503074,0.8175733334401334,0.2060118187869467,True,True,True,1.1117728365727093,17447.687450123794,18937.49172259488,3.7390999794006348,0.27425599098205566
32,2026-06-21 22:02:08.374551,60,252,10,70,0.001733599205484672,192,1,0.1,64,7.092907683278407e-06,0.04,6,6735,5,3,2020-01-01,1.490211367426387,0.20053059271032891,0.16023238308288126,1.221073699649556,1.7787988927265084,0.9213595166147285,-0.2176464117363449,22187.03355864762,21983.339257208587,1.3971666148885415,0.25614763468627233,-0.1174536793203137,0.4384215144341542,2.009583113975928,0.9966639455370689,0.6883381665073689,0.558229988092615,0.3649294623890209,0.10926864205151054,-0.27935741694827865,37802.409719860465,1.1803821003810033,0.17842688416745456,-0.48819446710165637,1.597099988422926,0.8317360934705708,0.22346264575256314,True,True,True,1.1117728365727093,17447.687450123794,22187.03355864762,7.874824523925781,0.30376529693603516
33,2026-06-21 22:02:18.863521,60,252,10,70,0.0009255592170071994,192,1,0.1,64,7.75480139231483e-06,0.04,6,6680,5,3,2020-01-01,1.424164946111913,0.19408353701781023,0.1533035043335829,1.2340485070808371,1.7932636929571715,0.9979403175175988,-0.19448411253750908,21695.62398203757,21493.092760429052,1.3546689043399642,0.2214184509307826,-0.1208554208595305,0.44509967493394004,2.0446053006780693,0.996909892319607,0.698223734498084,0.6019847537855131,0.4160573977463691,0.12294965416096226,-0.290704001193269,38324.787268736225,1.2879366304454112,0.2001711512102966,-0.40225057735475606,1.683984358813776,0.850184144499649,0.24642505539556053,True,True,True,1.1117728365727093,17447.687450123794,21695.62398203757,8.45709228515625,0.26121973991394043
34,2026-06-21 22:02:29.137034,60,252,10,80,0.0015780047717410502,192,1,0.15000000000000002,64,1.7450820205797975e-05,0.04,6,8085,5,3,2020-01-01,1.4428751749406148,0.19592403524238788,0.16229888022848438,1.1838621778487195,1.746359129669944,0.9337401674595015,-0.20982714685548276,22001.94540399837,21798.29600173578,1.4009582284641597,0.21533769674982328,-0.10708797836959327,0.409187838103211,2.002077834535089,0.9957694183257666,0.6587073091327738,0.5428113165723947,0.35948829670749594,0.10779267993129826,-0.3051862959001672,37405.20423640216,1.1733627221962943,0.20643479970908296,-0.4237318781585365,1.6183047077663952,0.82543488499962,0.21517584418894115,True,True,True,1.1117728365727093,17447.687450123794,22001.94540399837,8.150460004806519,0.2917029857635498
35,2026-06-21 22:02:38.568516,60,252,10,70,0.00197928395284648,192,1,0.2,64,2.045427784419054e-06,0.03,6,7373,5,3,2020-01-01,1.3397602170076475,0.1856367549614879,0.16291376401657245,1.12696744307935,1.6475830968511531,0.819715105541371,-0.22646496777546432,21694.885224777354,21491.254526286823,1.32261693707259,0.22895425117404966,-0.12593514209506151,0.351773977554468,1.9249337293123525,0.993853941865897,0.6110543157520958,0.5921710564139184,0.4157726288055337,0.12287437410934032,-0.28019677380850483,38432.89246660035,1.1191969226532794,0.22602938336896172,-0.43227345850410975,1.6655079361492653,0.8464541799232896,0.24090304729061612,True,True,True,1.1117728365727093,17447.687450123794,21694.885224777354,7.455879211425781,0.26777005195617676
36,2026-06-21 22:02:48.654307,60,252,10,60,0.0007675240761296599,192,1,0.0,64,5.158373652846684e-06,0.05,6,8362,5,3,2020-01-01,1.188276132332033,0.16984565209590752,0.1532412463562602,1.1005788725973942,1.6007763242602546,0.7976372223134656,-0.21293596555497685,20332.715636539113,20129.34090491547,1.340973909060325,0.2035088976944721,-0.12065436979094812,0.31773623920176625,1.9286975126645456,0.9927552917514778,0.5884004492191146,0.5855285536605225,0.3707656791732459,0.1108474115387501,-0.2677475941554577,35407.79913015802,1.2447825597845825,0.19954812815114353,-0.46012449030897734,1.61970775349227,0.843508720993454,0.23754629496078733,True,True,True,1.1117728365727093,17447.687450123794,20332.715636539113,8.11769723892212,0.2652313709259033
37,2026-06-21 22:03:08.384795,60,252,5,50,0.0011924815772635328,256,1,0.1,32,8.407859684472687e-06,0.04,6,5582,5,3,2020-01-01,1.2993286145022402,0.1815039700964456,0.16488554604829725,1.0942425746808953,1.6018186318963907,0.743454686066786,-0.2441358881691691,21620.492603040726,21416.800778459008,1.3554611231072962,0.236893210651983,-0.12285141362121421,0.3136118375616415,1.8737945237083615,0.9925321448891666,0.5830196833466627,0.5446003978263656,0.34651270411740054,0.10425697654829613,-0.32617565255266523,36635.85283028152,1.0771226050069456,0.24888653663341342,-0.39351823342739783,1.5548388368540993,0.8261281218408927,0.21617437262458533,True,True,True,1.1117728365727093,17447.687450123794,21620.492603040726,17.739509105682373,0.26540207862854004
38,2026-06-21 22:03:19.498564,60,252,10,70,0.0005397854284453873,192,1,0.25,64,4.2471863574804176e-05,0.03,6,9480,5,3,2020-01-01,1.3478900966109593,0.1864608585045917,0.15201518133332534,1.201047899295771,1.7546588928337692,0.9221914355404747,-0.2021932229237321,21515.534605872886,21311.90186144601,1.3814104817066553,0.2128675651212517,-0.09956384081806713,0.41251468414461023,2.030390412281998,0.9961800293845717,0.6723950881732444,0.6010753922460835,0.42682043677137926,0.1257875471289014,-0.3048451527971072,38341.32842557143,1.2641250291689312,0.20573827228627373,-0.38508229545484807,1.6933181526034737,0.8498202596261228,0.24592994209933672,True,True,True,1.1117728365727093,17447.687450123794,21515.534605872886,9.157321214675903,0.26236796379089355
39,2026-06-21 22:03:26.743918,60,126,10,80,0.001879666288965908,128,2,0.05,32,1.5861771844337092e-06,0.05,10,4585,5,3,2020-01-01,0.9785414485001449,0.14647148631722762,0.130003877733603,1.1167045349759777,1.5689201045724306,0.7557589853524845,-0.19380713846083297,19352.709287988408,19150.82963356838,1.4062621221387757,0.22220220022155623,-0.11813943490778223,0.24422986834811491,1.9266627795763123,0.9932392008885117,0.6018375417945352,0.5733685986386102,0.3682129553422093,0.11015742034386555,-0.26315283221429375,34056.4510362425,1.166392731556184,0.18975416619695928,-0.4390982429908831,1.6477880367937823,0.8385733638517529,0.23098561848674254,True,True,True,1.1117728365727093,17447.687450123794,19352.709287988408,5.231858491897583,0.26935791969299316
40,2026-06-21 22:03:37.445585,60,252,5,20,0.0002785440995064581,64,3,0.15000000000000002,64,2.529592479547451e-06,0.03,6,8396,5,3,2020-01-01,1.0062619964522024,0.14967126850356816,0.12342145981106199,1.1920635636385448,1.7806244950439603,0.8690042573971138,-0.17223306701841856,19793.70286812715,19591.608086368964,1.4782707550937855,0.196268578190671,-0.08404426752392269,0.4312345445415843,2.0085705004600056,0.9959049660426663,0.6649529112808517,0.5564750501249784,0.3707862067524792,0.11085295658917382,-0.3031821660446976,34676.50245863023,1.179950950643363,0.19120082154604234,-0.4681287586017409,1.665274888645442,0.8314332895058992,0.22212955291856834,True,True,True,1.1117728365727093,17447.687450123794,19793.70286812715,8.656071186065674,0.26567888259887695
41,2026-06-21 22:03:50.060008,60,252,10,60,0.000898344776935691,256,1,0.30000000000000004,32,1.0031646507220667e-05,0.04,6,7063,5,3,2020-01-01,1.3164948187395673,0.18326568550642142,0.15619203591554742,1.155776348706397,1.6807667678227443,0.8847125126426229,-0.20714716123886345,21326.81893630971,21123.126363834122,1.29481937474413,0.21879340208429587,-0.12332219268743716,0.35029866111112085,1.9685718013615632,0.9948744670734444,0.6353342250805143,0.6779009667018235,0.4709452157360188,0.13727501812629472,-0.2655432359230898,39142.744657461226,1.3064747466860427,0.23895664786407944,-0.4025272626087405,1.7649257097085045,0.8782204727769469,0.2897619290732647,True,True,True,1.1117728365727093,17447.687450123794,21326.81893630971,10.480442523956299,0.2929036617279053
42,2026-06-21 22:04:01.805389,60,252,10,80,0.0015439631019258588,192,1,0.15000000000000002,64,1.7311173522108216e-05,0.04,6,7973,5,3,2020-01-01,1.3259186219128187,0.18422838726363033,0.16070912685229471,1.132795224892508,1.6584123249954357,0.8144244581910933,-0.22620684510484546,21715.84000251841,21512.21182413201,1.3411255711582444,0.22485646240779356,-0.12199739303861179,0.3470780758742565,1.9437188327641082,0.9941077628862642,0.6160956475934838,0.5128650499966109,0.3095772911027801,0.09406647878181085,-0.2587470510214903,35835.31639936051,1.1463428708260042,0.18210429161350117,-0.5528506030913293,1.527464988156603,0.8117805187330329,0.20042530766491462,True,True,True,1.1117728365727093,17447.687450123794,21715.84000251841,9.698324918746948,0.288102388381958
43,2026-06-21 22:04:12.425231,60,252,10,80,0.0013041410482742854,192,1,0.15000000000000002,64,1.9732092605920826e-05,0.04,6,8701,5,3,2020-01-01,1.4330482994100886,0.19495879075320244,0.16296908977937377,1.1747144807978114,1.7105132129855154,0.8605988563639335,-0.22653851944088277,21972.119550994008,21768.369920429508,1.3581575227966192,0.24774949391240653,-0.11560788144918965,0.39508519001010767,1.9640172033610015,0.9954861145210655,0.6511149487534162,0.6379848764747353,0.43190721688381206,0.12712381473348655,-0.2688142598166702,39188.88026799035,1.2466094527602398,0.22916803804273456,-0.41378285979374435,1.7206137195079756,0.8639173234860589,0.266611116377654,True,True,True,1.1117728365727093,17447.687450123794,21972.119550994008,8.582592964172363,0.2801394462585449
44,2026-06-21 22:04:22.426894,60,252,10,70,0.001688740687237451,192,1,0.2,64,3.372067688756092e-05,0.04,6,6329,5,3,2020-01-01,1.4469431209283963,0.19632270053057832,0.15669554077038145,1.2226468826579506,1.7861947963129767,1.0114961515593515,-0.19409139642095685,21826.16266623436,21622.53997581714,1.3126238504476728,0.21956732368848564,-0.12981690091217268,0.42739347472808153,2.0431665325861923,0.996679680278305,0.6894490071192262,0.5464508569587125,0.3487671557166738,0.10487291474492921,-0.2730887166050435,36947.8349391945,1.121883502822541,0.2044747445962234,-0.5042283635658222,1.657756340258974,0.8273161812634113,0.2167578529375746,True,True,True,1.1117728365727093,17447.687450123794,21826.16266623436,7.945136308670044,0.2608969211578369
45,2026-06-21 22:04:34.705014,60,252,10,80,0.00011088027042571212,192,1,0.1,64,4.946716905218208e-06,0.05,6,7631,5,3,2020-01-01,1.0925529976730748,0.15941057462690034,0.13873963955152258,1.135784149918203,1.6047020081560088,0.910947558403285,-0.17499423886301013,19875.728966102222,19673.643297967337,1.3719206188659312,0.20164865750245142,-0.12831238443836257,0.3372087243029063,1.969606943694149,0.9940141755216152,0.6180750973553457,0.5674467895294305,0.3379340323056621,0.10190689414937948,-0.2619190832260627,34080.04788912927,1.1711204960981996,0.21198326315687566,-0.5315684461544748,1.6627495492508169,0.8358125512751953,0.22812180522483183,True,True,True,1.1117728365727093,17447.687450123794,19875.728966102222,10.274970293045044,0.24344325065612793
46,2026-06-21 22:04:51.880891,60,252,5,70,0.002409736337490741,128,1,0.15000000000000002,64,2.4149302162244992e-05,0.03,6,8141,5,3,2020-01-01,1.4187587147577254,0.1935496188763266,0.15833734211287054,1.1969319510863563,1.7648698463249817,0.9372426631434639,-0.2065096121714851,21900.73516492356,21697.116238068134,1.300397491958783,0.22166091069869798,-0.12440143176605623,0.40219538241124225,2.0208439632229123,0.9960767323927545,0.6690971874977222,0.645929490739066,0.5082079204445584,0.14679838426662117,-0.33077508257571087,40980.631888160584,1.149237859459613,0.30127010950897204,-0.2970108277181726,1.669620805039101,0.8672438845921815,0.27081540009497995,True,True,True,1.1117728365727093,17447.687450123794,21900.73516492356,15.154050350189209,0.25884127616882324
47,2026-06-21 22:04:58.251931,60,63,10,40,0.0021623624699493903,192,1,0.05,64,6.755486965307171e-06,0.04,6,9298,5,3,2020-01-01,0.9531659310679517,0.1435108059002641,0.1299169671061319,1.0974458700122853,1.5173973655441897,0.7944353786091053,-0.18064503390007924,18695.766919245732,18494.352875423097,1.426795898909517,0.20945562405584894,-0.10346458381638968,0.2843210827719933,1.9363315666329204,0.9924243020866151,0.5853720104765482,0.5375575207914595,0.2775796563385218,0.08508225822401072,-0.2385590874092891,31332.53892333067,1.0904095684142718,0.1570830991739014,-0.5843077590179954,1.619157209423163,0.8227553114059976,0.21286071045061405,True,True,True,1.1117728365727093,17447.687450123794,18695.766919245732,4.334508657455444,0.26781177520751953
48,2026-06-21 22:05:07.366387,60,252,10,80,0.0033302665017578663,192,1,0.1,128,1.080534490358893e-05,0.05,10,6399,5,3,2020-01-01,1.3769954669285873,0.18939260664781998,0.15917778899236965,1.1695187606153463,1.709977158269978,0.8621143301553944,-0.21968386329187028,21888.288181823424,21684.604932030335,1.2939246533271958,0.2206173003230698,-0.1306516842718577,0.370132057159243,1.9683708607929973,0.9953087001769745,0.6467433572954808,0.5433380716708136,0.35214164334763054,0.10579357648462251,-0.27464299036459117,37041.74773901777,1.14935960149039,0.17644591627472983,-0.512393946884118,1.6321723234864969,0.8258427351370898,0.21527505615756415,True,True,True,1.1117728365727093,17447.687450123794,21888.288181823424,7.067403793334961,0.283660888671875
49,2026-06-21 22:05:17.049588,60,252,10,70,0.0013170240562097011,256,2,0.2,64,6.274433215646635e-05,0.03,6,5704,5,3,2020-01-01,1.1018606414115948,0.16044179011239734,0.1678486543065671,0.9707319022032661,1.3817091632837173,0.8228540551810127,-0.19498207379813315,19604.33064967043,19400.860395764495,1.2249239989597616,0.19895751714532084,-0.13491335318696618,0.16040772154740837,1.8097470535113458,0.9842253079860398,0.4741563103447056,0.5043968296637892,0.3439786307370367,0.10356382169444367,-0.33404011654267995,33865.14693487945,1.0653318359088946,0.17380502524287245,-0.43291752482414386,1.5718653664051205,0.8083192280869658,0.19585463483154014,True,True,True,1.1117728365727093,17447.687450123794,19604.33064967043,7.675885438919067,0.28704166412353516
50,2026-06-21 22:05:24.034950,60,126,10,60,0.004187665384736202,192,1,0.15000000000000002,32,3.739503710567325e-06,0.02,10,7253,5,3,2020-01-01,1.1271472002708638,0.16322502567686104,0.16900060082735022,0.9793537371713635,1.408788177244917,0.5944814688812722,-0.274567054182575,20741.324801924526,20537.654722389736,1.4669306799259592,0.25688406407102127,-0.10925887710759286,0.17422609209334272,1.825413894222964,0.9853393647763103,0.4816792045807532,0.50413345269553,0.3171283536874556,0.09616525695298805,-0.2885091476986845,34746.35628294499,1.115099467397775,0.14843624851192416,-0.474147143818223,1.5664550933374937,0.8083073165089278,0.19561699533072024,True,True,True,1.1117728365727093,17447.687450123794,20741.324801924526,4.946958780288696,0.26541948318481445
51,2026-06-21 22:05:33.875227,60,63,5,70,0.0010436073317137088,64,3,0.2,64,1.6393949703238127e-05,0.04,6,63,5,3,2020-01-01,0.7859061841726658,0.12318633343833008,0.11475773729175645,1.0699098915881553,1.5111236758032898,0.6879490929903715,-0.1790631526278561,17992.438816254366,17790.739714063275,1.525986880807885,0.19931272692136148,-0.08996645856008623,0.2806794212964534,1.891815273267865,0.9910242812341012,0.5614471240065084,0.5033302455749737,0.2893139874343398,0.08839423166009786,-0.28785055820650784,30547.60560143963,0.9948269277650972,0.13692012307967993,-0.512271329941219,1.594734462675759,0.8074290904606567,0.19573096971495285,True,True,True,1.1117728365727093,17447.687450123794,17992.438816254366,7.727920293807983,0.26370954513549805
52,2026-06-21 22:05:43.993399,60,252,10,80,0.0013436471976983734,192,1,0.15000000000000002,64,1.7927482677259455e-05,0.04,6,8627,5,3,2020-01-01,1.3835840887827597,0.19005228247689376,0.1522065740391519,1.2196027771906262,1.7725467698948758,0.9715733621653299,-0.19561289952755323,21629.55388217347,21426.297644111528,1.3415006212701364,0.21284028986480918,-0.11976468991870415,0.41062542702360944,2.0390845635714903,0.9966118285409005,0.6870622016441643,0.6028163830099057,0.4007172616718886,0.11887995534568763,-0.2637942510300393,37843.54541954716,1.2427601885069535,0.21600267025696285,-0.43232974111861316,1.6718365830794044,0.850394348676441,0.2469874178018302,True,True,True,1.1117728365727093,17447.687450123794,21629.55388217347,8.076327800750732,0.25261807441711426
53,2026-06-21 22:05:53.408669,60,252,10,80,0.002599364739576532,192,1,0.15000000000000002,64,2.104298832684196e-05,0.04,6,8862,5,3,2020-01-01,1.4404046357435538,0.1956816592206858,0.16078074310657434,1.1922839963660645,1.7513707201402517,0.9616135811161266,-0.2034930278267928,21919.64943782064,21716.080937790375,1.3523320835275248,0.2307347346224935,-0.11950881643322842,0.40023719607897856,2.0027414551626412,0.9959326925384051,0.665237337514874,0.6233690636102037,0.43585380023528475,0.12815838073660868,-0.2658919945152445,39105.448588180065,1.2412524770389086,0.2179995934487191,-0.40700077155572933,1.684569465898606,0.8593786584830042,0.2575136085463135,True,True,True,1.1117728365727093,17447.687450123794,21919.64943782064,7.4142537117004395,0.2630488872528076
54,2026-06-21 22:06:03.408874,60,252,10,80,0.001698888235903891,192,1,0.1,64,8.96711625557443e-06,0.04,6,9749,5,3,2020-01-01,1.5617746835238089,0.20736362546377962,0.15680734010568964,1.2805084368554949,1.8755269064864386,1.049787102366665,-0.197529218063638,22391.535060630835,22188.382096357527,1.377527960592582,0.23805789512427378,-0.1166753887287667,0.4816649869188828,2.120969414424317,0.9977627927809952,0.7332608953000634,0.5004763854230596,0.3072170614994294,0.09340881085125674,-0.30207986781812424,36691.711314800355,1.0988068099372228,0.1996852407089209,-0.5443034070181625,1.594924318697125,0.8062352423403665,0.194216875012712,True,True,True,1.1117728365727093,17447.687450123794,22391.535060630835,7.911059856414795,0.2639882564544678
55,2026-06-21 22:06:12.969234,60,252,10,80,0.002145639934190321,192,1,0.1,64,6.017102197911145e-06,0.05,6,9949,5,3,2020-01-01,1.3645627556217663,0.1881438069247665,0.1587436623824929,1.165658157213062,1.7049715322153578,0.8891499118901909,-0.2115996463687465,21758.35549478848,21554.701133104525,1.3076784471873115,0.22037541360717228,-0.1262344039757327,0.36413717173911403,1.9769264415936483,0.9951978038621173,0.6435800269798346,0.5514639365965831,0.32657307893279763,0.09877910794688538,-0.2622153142106113,36349.52446623165,1.1412590832342606,0.21153584365583677,-0.4847801448731761,1.6269739273584245,0.8289975844791048,0.2198027931612639,True,True,True,1.1117728365727093,17447.687450123794,21758.35549478848,7.505288600921631,0.2833409309387207
56,2026-06-21 22:06:22.300707,60,252,10,70,0.0016291411320321979,192,1,0.1,64,8.34122640556678e-06,0.04,6,9416,5,3,2020-01-01,1.3895072703092706,0.190644088552137,0.15772960100493788,1.185473141599045,1.735214400884378,0.8892508501816866,-0.21438729972896364,21991.393147119896,21788.355757216777,1.3512521845490275,0.23051392002330173,-0.1252422013619282,0.39423975662839283,1.991156709058073,0.9957700543122098,0.6598186107839366,0.6011048722036506,0.4135640356343364,0.12229017875626669,-0.28123763856504724,38700.82489067785,1.2323154393380051,0.2062738685069725,-0.4446569363375896,1.6850381385075337,0.8497851755882218,0.2459879913299664,True,True,True,1.1117728365727093,17447.687450123794,21991.393147119896,7.2619404792785645,0.27440857887268066
57,2026-06-21 22:06:34.005778,60,252,10,80,0.001829729828735738,192,1,0.05,64,1.2837588707253694e-05,0.04,10,7736,5,3,2020-01-01,1.377337232076806,0.1894268613020451,0.15094669112008086,1.2250356970919047,1.7928104778200957,1.0498172696202108,-0.18043793599487412,21757.97204484623,21555.15918459738,1.3590543605218566,0.2088135212632971,-0.12432760292458334,0.4263171993443084,2.0582184650324353,0.9967264815163185,0.6912798617008354,0.5812295889556923,0.38894476807541944,0.11573654621709384,-0.27474570423688394,37772.07529116022,1.209686445496546,0.17827949858599235,-0.4866043674469127,1.64350938878211,0.8421217350271536,0.23489898486777488,True,True,True,1.1117728365727093,17447.687450123794,21757.97204484623,9.480336904525757,0.27219200134277344
58,2026-06-21 22:06:42.361843,60,252,10,70,0.004984681641680486,192,1,0.1,64,3.428974589924362e-06,0.01,6,3813,5,3,2020-01-01,1.2390576196344378,0.17523404111015872,0.16556573577443842,1.0583192587968338,1.5336237149179897,0.8000486100895638,-0.21902924259882361,20705.9112549849,20502.168896902163,1.2411486904200963,0.20234381133484436,-0.13507832204217407,0.24044681001461912,1.9070029397223176,0.9905572396333564,0.5514698758486187,0.5481783268002772,0.4084572841468226,0.1209370570230417,-0.36902723768147006,36632.83371322054,1.148997686040751,0.21260907848078414,-0.4279683402598986,1.582058891358639,0.8286359001769187,0.21710313294414602,True,True,True,1.1117728365727093,17447.687450123794,20705.9112549849,6.054220676422119,0.3100614547729492
59,2026-06-21 22:06:52.240099,60,252,10,60,0.0029325282461735223,128,1,0.30000000000000004,128,4.606436159175069e-06,0.04,6,2731,5,3,2020-01-01,1.2977763405284195,0.18134414694918033,0.16083771744541372,1.116859592693263,1.6069569123480016,0.7678184217150049,-0.2361810316352253,21681.211317373167,21477.523623151086,1.267656512758099,0.21246702520323302,-0.13388129245865987,0.3087255757635128,1.9085093715580024,0.9934518995204671,0.6024167848888112,0.5972163396425721,0.41024850095746057,0.12141204261210192,-0.27389145260017367,38296.12325267399,1.1133882945860223,0.24036783338960666,-0.44925440797265076,1.6939123423451015,0.8482927497636414,0.24381374286204976,True,True,True,1.1117728365727093,17447.687450123794,21681.211317373167,7.470052242279053,0.3782062530517578
60,2026-06-21 22:07:13.956723,60,252,10,70,0.0014353470392165447,192,1,0.25,64,2.698773194396134e-05,0.03,10,8338,5,3,2020-01-01,1.3676087164821613,0.18845024223559648,0.16133134026885465,1.1511276148088507,1.680607774246281,0.8367582054674328,-0.22521469285183016,21829.69828830623,21626.089665408184,1.3155063357693892,0.22802038258304824,-0.12810749221778672,0.3633915251160099,1.9571597976406736,0.9947304673425541,0.6314821528583223,0.6412008831095916,0.47224879026230204,0.1376108758676844,-0.2944395843218832,39956.536561868736,1.266479411781728,0.22839184790223355,-0.400868556491633,1.767429709139687,0.8654048582179041,0.26819234563184713,True,True,True,1.1117728365727093,17447.687450123794,21829.69828830623,19.134283781051636,0.5175080299377441
61,2026-06-21 22:07:22.246319,60,63,10,80,0.0006645474870163836,192,2,0.2,64,8.656581176346067e-06,0.05,6,9721,5,3,2020-01-01,0.8580277349992027,0.1321291889760623,0.12847814716330916,1.0303783386489351,1.4856000666603486,0.6667573889352073,-0.198166816249414,18498.83507286328,18296.661863452056,1.5188035606972554,0.20541922199733587,-0.07985830591566223,0.26912222239126327,1.8491174029733013,0.988857091791894,0.5268610276918934,0.5248621292103034,0.2890407528851109,0.08831734117924395,-0.2552824563452496,31202.503386276083,0.8583882583580632,0.1034414177140297,-0.5317986558717768,1.6232164348883322,0.8171542728500274,0.20642855006488475,True,True,True,1.1117728365727093,17447.687450123794,18498.83507286328,6.069854021072388,0.3416574001312256
62,2026-06-21 22:07:35.953164,60,252,10,70,0.0016114414853273915,192,1,0.1,64,1.3384742039048125e-05,0.04,6,9225,5,3,2020-01-01,1.5343492534240917,0.2047632411608753,0.15495289309446283,1.28005209457081,1.8753861508288565,1.1078252935148074,-0.18483351333423803,22413.039043411158,22210.04350531745,1.3797966010830285,0.24859551852944328,-0.1126150063646334,0.48241200253332644,2.1164717486330638,0.9977441215943051,0.7328100747205977,0.5781676746431038,0.37886227164186415,0.11303023743436169,-0.2558242600680787,38469.88584059292,1.1561462360847061,0.2019221512548086,-0.4862107372965662,1.6367247006661794,0.8407542088067749,0.23336078532073556,True,True,True,1.1117728365727093,17447.687450123794,22413.039043411158,11.171325445175171,0.3376026153564453
63,2026-06-21 22:07:48.368826,60,252,10,70,0.0011358996415710124,192,1,0.1,64,1.399841153553065e-05,0.04,6,9043,5,3,2020-01-01,1.3497485661245685,0.1866489259322448,0.15518359106863966,1.1807014446155264,1.6987789573876264,0.8639070502581556,-0.2160520924982262,21769.051457530542,21565.8872461248,1.3102855036814633,0.22682111471543887,-0.13020801492316392,0.35683033911337725,1.9878765584645164,0.9955921230504732,0.6557328994987919,0.6523192928026303,0.45161132125280146,0.1322702995820697,-0.2839517255460551,39292.776158973385,1.3194500579264614,0.2229119585701238,-0.40170835400664284,1.7511746233352317,0.8692633059244383,0.2747516686349689,True,True,True,1.1117728365727093,17447.687450123794,21769.051457530542,10.072169303894043,0.3693206310272217
64,2026-06-21 22:08:01.852720,60,252,10,60,0.0023614889813732697,192,1,0.05,64,6.198254061967843e-06,0.0,6,9288,5,3,2020-01-01,1.2076011139828946,0.1719078830606282,0.16243225468211536,1.0581215784836402,1.5155223319483668,0.84494885025526,-0.20345359723099765,20324.24812795301,20120.73733491893,1.3118497631901838,0.2221032397022873,-0.127042520730543,0.2504967736772109,1.890019036432366,0.9905088952483413,0.5512645563144589,0.5374097231965811,0.38313660821611006,0.11417914560967035,-0.35842734644513385,35587.52819809995,1.2056342468007881,0.18789334340688368,-0.4387656774195739,1.6481798322087065,0.8233117013479311,0.2121878117421177,True,True,True,1.1117728365727093,17447.687450123794,20324.24812795301,10.848907470703125,0.37054991722106934
65,2026-06-21 22:08:13.122501,60,252,10,70,0.0016588993903540001,192,1,0.15000000000000002,64,1.153880703287137e-05,0.04,6,7068,5,3,2020-01-01,1.5074614132028508,0.20219189093826873,0.15648026026476627,1.2554127436490001,1.8191265496051086,1.0041062970737178,-0.20136502631994202,22209.822172460375,22006.187225717025,1.3298538171368453,0.22928185354869002,-0.12503060542945454,0.44299356157919567,2.067180355889512,0.9973305011496728,0.7145668233150828,0.6437004418920492,0.4489293743662306,0.13157255521055777,-0.26533608340704895,39936.18963783046,1.231412563760096,0.2377784582365765,-0.392226017343276,1.7302374066384847,0.8662217677963067,0.26971040539861807,True,True,True,1.1117728365727093,17447.687450123794,22209.822172460375,9.162931442260742,0.2904529571533203
66,2026-06-21 22:08:23.338194,60,252,10,70,0.0017781733491334106,192,1,0.1,64,1.03817489587838e-05,0.04,6,7609,5,3,2020-01-01,1.3432175818334056,0.18598749792631342,0.15860340408130202,1.1550928971629546,1.6703345574809574,0.8513839810358261,-0.2184531328626056,21574.485396074822,21370.84340813546,1.3022516698615798,0.20480056675891012,-0.12498192479149317,0.34750014482237673,1.966735443751328,0.9948485959627237,0.6347521178299916,0.6010117743709658,0.40854385328815823,0.12096002223743119,-0.2740106742232996,38024.95065830514,1.1128919529791568,0.1638504671773897,-0.4693395061301318,1.658304822192439,0.8496906232676112,0.24598863850011093,True,True,True,1.1117728365727093,17447.687450123794,21574.485396074822,7.956764221191406,0.28693413734436035
67,2026-06-21 22:08:33.416492,60,252,10,50,0.0020066434249274845,192,1,0.15000000000000002,64,4.2229628757186864e-06,0.03,10,6980,5,3,2020-01-01,1.4094257854013295,0.1926256509829949,0.15477920458339148,1.215844096471112,1.7921631905438855,1.0332459811572527,-0.1864276798514628,21754.723284778207,21551.132090450847,1.2750844761104894,0.21184877341386055,-0.13203630616304518,0.4186043095133087,2.037977690899304,0.9965334042900515,0.684146988210855,0.577118896103223,0.40872974472579005,0.12100933266617808,-0.2973180902663931,38309.163304145564,1.204860526534739,0.18962037509045948,-0.44668046224621044,1.6227848687185835,0.8400348174792387,0.23306533773182203,True,True,True,1.1117728365727093,17447.687450123794,21754.723284778207,8.036281824111938,0.2762026786804199
68,2026-06-21 22:08:41.107190,60,126,10,60,0.0009967410272907454,256,1,0.1,64,5.928422754703476e-06,0.04,6,6553,5,3,2020-01-01,0.9716787405833507,0.14567379168401562,0.15099574830007859,0.9763581900031238,1.398339592938913,0.6065069410442214,-0.2401848714760122,19627.56892489809,19425.327527146117,1.4081668615138665,0.23688348042715557,-0.13167765425130196,0.16082923485503964,1.8163813814538237,0.9849058221937335,0.47907027919291056,0.5268379838141589,0.32262187557128175,0.09768711703381583,-0.2646870646099626,33384.626731108794,1.1866512316474085,0.16126959997339196,-0.49804749741718873,1.575583523517724,0.8182824152880734,0.20718045904838428,True,True,True,1.1117728365727093,17447.687450123794,19627.56892489809,5.524020671844482,0.348829984664917
69,2026-06-21 22:08:59.584628,60,252,5,70,0.0011667765408102763,192,1,0.05,128,2.856513219204827e-06,0.05,6,5864,5,3,2020-01-01,1.3596699641566823,0.18765091195692096,0.1618802726570679,1.1436061256033592,1.6712069890615802,0.820835494531492,-0.22860964615574575,21853.69215848205,21650.037629142273,1.3607314183172847,0.22386202536637478,-0.1265800000867704,0.3733152036428854,1.9366541223293634,0.9944908351783976,0.6252206910877659,0.602091944013589,0.3901024220165532,0.1160464404993713,-0.28458230621238534,38038.390141237476,1.1317342406318287,0.2585863530757122,-0.40771993778149634,1.6207369537309648,0.8501905839388857,0.24651603477324985,True,True,True,1.1117728365727093,17447.687450123794,21853.69215848205,16.302602767944336,0.3010859489440918
70,2026-06-21 22:09:11.579362,60,252,10,70,0.0025430602830916397,64,1,0.2,32,1.3058059988587522e-05,0.04,6,9978,5,3,2020-01-01,1.2484143797213672,0.17621619612507877,0.15497483094376294,1.125058971399575,1.6233271533108193,0.845501136718251,-0.20841627346481006,21365.69689863475,21162.417534194385,1.3604978465026398,0.19739725587216905,-0.11716017646100596,0.3467338518534126,1.9250355950041202,0.9937577617722171,0.6093741294368658,0.5495947958044778,0.3463771801770956,0.10421992818448289,-0.2801641703460994,36252.09014072765,1.2182622200497104,0.19040423484399738,-0.47207866972145013,1.5833444286620386,0.8282662497027973,0.21876729888832663,True,True,True,1.1117728365727093,17447.687450123794,21365.69689863475,9.906558513641357,0.30065369606018066
71,2026-06-21 22:09:23.178381,60,252,10,60,0.0014397213271523236,192,1,0.15000000000000002,64,8.327805676048243e-06,0.04,10,5250,5,3,2020-01-01,1.4024217487601591,0.1919303637190708,0.15330536994438262,1.2222562487868847,1.7739834823134992,0.9838770686881361,-0.19507555346826344,21581.32435850307,21377.76146296021,1.2971392093035943,0.2204210389395631,-0.12577388467962358,0.41874120691786376,2.047330322576248,0.996655048944756,0.6890411420824156,0.5780943241729884,0.37896379524311685,0.11305755369045967,-0.2643037779179679,37297.84705221781,1.2554158850561028,0.186125653908765,-0.4548204586506306,1.6231844046342538,0.8401355450252651,0.23386316002482133,True,True,True,1.1117728365727093,17447.687450123794,21581.32435850307,9.373108148574829,0.3709907531738281
72,2026-06-21 22:09:34.701060,60,252,10,80,0.001756700146886375,192,1,0.15000000000000002,64,3.113634288243665e-05,0.04,6,8013,5,3,2020-01-01,1.3588476698372869,0.18756799463760454,0.15559078229453344,1.1829798349871086,1.7325326778374222,0.9586484382973158,-0.195658791215213,21524.684605136015,21321.143202752806,1.2753587257798493,0.2066037100609519,-0.128189124036297,0.4014063152472369,1.9996899861156683,0.9956999577652806,0.657783912837725,0.5111718698384775,0.2995423486457336,0.09126479689332001,-0.2575780232181887,35300.72428626725,1.1356944578637358,0.19563807265129118,-0.6039033880698546,1.5767275338300957,0.8111228622277384,0.19947809313601728,True,True,True,1.1117728365727093,17447.687450123794,21524.684605136015,9.437632322311401,0.32434892654418945
73,2026-06-21 22:09:44.625118,60,252,10,70,0.0015653535240797883,192,1,0.1,64,9.883828411474382e-06,0.04,6,7333,5,3,2020-01-01,1.4384768431783712,0.19549239385692374,0.15428037292571997,1.2348523735537775,1.7924390610691552,0.977616437066306,-0.1999683991029957,21877.03087519394,21673.35513744271,1.3018804623311797,0.22258367656550226,-0.13130681201556982,0.41108114482868696,2.040564795147385,0.9969346804445801,0.6989024739303082,0.6599173912021171,0.48934762316924507,0.14199804093045976,-0.29412709739748055,40335.43247854074,1.3561541865989062,0.20526799477498914,-0.38972631071291697,1.7236854690180112,0.8718836693841391,0.27924436166159694,True,True,True,1.1117728365727093,17447.687450123794,21877.03087519394,7.834037780761719,0.27242159843444824
74,2026-06-21 22:09:56.109797,60,252,10,80,0.0021174877582814584,192,1,0.15000000000000002,64,1.2366898401982773e-05,0.04,6,8459,5,3,2020-01-01,1.416911887317731,0.1933670079420169,0.1594978318758095,1.18842928786607,1.731585789614884,0.9887520112076985,-0.1955667404467084,21552.053764441484,21348.554059112546,1.3400755149047592,0.19974816191310274,-0.12917769570655036,0.40294442566305333,2.0131446601845786,0.9958280631623464,0.6621127906607842,0.5563578438117163,0.36250624780780516,0.10861181000866038,-0.2782920145096618,36810.30440429875,1.1404399241337775,0.17300447043875722,-0.4953628862953319,1.634201676665223,0.8313343317313773,0.22211469543107332,True,True,True,1.1117728365727093,17447.687450123794,21552.053764441484,9.196099758148193,0.28815555572509766
75,2026-06-21 22:10:05.605681,60,252,10,70,0.0029748611371920833,192,1,0.25,64,1.5663325124326627e-05,0.03,6,6943,5,3,2020-01-01,1.229810773051303,0.1742601935836834,0.17103396785225827,1.0250077328549703,1.47187233505168,0.781899951928157,-0.2228676356277547,20726.309667287103,20522.427262120884,1.3475995331218806,0.2389091007360431,-0.12286053321389512,0.22682283905245623,1.8676095362266911,0.9885609927026202,0.5221362718644277,0.5166970689033081,0.3522491754170136,0.10582288927153005,-0.3261832518321224,35527.91008699004,1.118626707659342,0.17989002286383804,-0.4598472059529722,1.5649012780605598,0.8138471888180447,0.2019989664029298,True,True,True,1.1117728365727093,17447.687450123794,20726.309667287103,7.4302122592926025,0.280139684677124
76,2026-06-21 22:10:17.757381,60,252,10,80,0.0007795251761873651,192,1,0.2,64,6.7261999647040525e-06,0.04,6,8219,5,3,2020-01-01,1.3470303116120346,0.1863738124656611,0.14820301733505342,1.227602980784206,1.7823893696792021,1.005253086080015,-0.18539989087964492,21480.75324056022,21278.28473351339,1.3372586616725377,0.22275079920972174,-0.11491243910906102,0.43550972496624163,2.046063103319943,0.9967607491425979,0.6931391707331986,0.6091975856541273,0.3914259086640903,0.11640051609922542,-0.2566752532825948,37468.38000587615,1.2537063926712244,0.21733429948611116,-0.4547699878821736,1.6770457789605677,0.8526862817983716,0.25069277673472545,True,True,True,1.1117728365727093,17447.687450123794,21480.75324056022,10.08624005317688,0.2745029926300049
77,2026-06-21 22:10:28.633324,60,252,10,70,0.0015800151238040219,128,1,0.15000000000000002,64,3.8250243956713305e-05,0.04,6,8761,5,3,2020-01-01,1.255261427177814,0.1769328440915443,0.15232200155104153,1.1459824912984344,1.667681190528142,0.8911871274873225,-0.19853613077917942,21108.815283240085,20906.32071836367,1.3035089377328066,0.17519828056937437,-0.13576957747850726,0.3598135673385548,2.002934219016744,0.9945129712414167,0.6270348200002627,0.6267187266021844,0.4485804277130725,0.13148170878625187,-0.28598064631315145,38266.49054382115,1.2525276995554084,0.1848367568423268,-0.41343856471673285,1.6947717094622803,0.8600814057791624,0.2598949885755003,True,True,True,1.1117728365727093,17447.687450123794,21108.815283240085,8.858613014221191,0.27374958992004395
78,2026-06-21 22:10:39.072653,60,252,10,60,0.0012040707422197369,192,1,0.1,64,2.1675478428260325e-05,0.05,6,9154,5,3,2020-01-01,1.3574442932614716,0.1874264295873993,0.1498869960021757,1.2214072113565657,1.7633332737629182,0.9709465242751097,-0.19303476031012967,21486.418186141014,21283.23883672182,1.350470705511554,0.21382007302672656,-0.11815614119316609,0.4511020120469808,2.06190230943308,0.9966202841300246,0.6882762794408092,0.6483017547537745,0.4309625314986685,0.1268758909325567,-0.2715000045090109,38375.85231405224,1.3271875720665096,0.2226987838275225,-0.4382767199566392,1.7801136768920742,0.867444605836084,0.2727394785874903,True,True,True,1.1117728365727093,17447.687450123794,21486.418186141014,8.424352645874023,0.28681135177612305
79,2026-06-21 22:10:45.553039,60,126,10,70,0.0014183401354503607,192,1,0.2,64,5.250918176161663e-06,0.04,6,7808,5,3,2020-01-01,1.020143226949759,0.15126031183842525,0.15850053118113924,0.9681668484603198,1.3674071073251886,0.5981409066111446,-0.25288407826077774,19608.540642333985,19406.682352450942,1.514893960323221,0.23170542963494367,-0.13057844364416438,0.17179675776047015,1.7941182525138986,0.9841829370281314,0.47183463734969766,0.5588758901255514,0.3589849315283271,0.10765593899760662,-0.2945021573104235,34163.06026636116,1.1988925442088687,0.18969995772289794,-0.4521590701526101,1.606052723020659,0.8325736348266656,0.22327023491129006,True,True,True,1.1117728365727093,17447.687450123794,19608.540642333985,4.3264000415802,0.28841137886047363
80,2026-06-21 22:10:56.782237,60,63,5,40,0.0023255331394212895,192,1,0.15000000000000002,64,7.168445113850836e-06,0.03,10,7482,5,3,2020-01-01,0.7740552994442385,0.12168934237274609,0.12135259008806822,1.007213051723106,1.3581309713559258,0.7349859799786723,-0.1655668892844422,17835.622716472037,17633.895625758494,1.3807959102242198,0.17405534434274283,-0.09867763705768973,0.16412218310633891,1.8743013439672491,0.9869148998760501,0.5063527398105095,0.5810216910654656,0.3334996329336364,0.10068817349438741,-0.22284777380408138,31274.022504541044,1.052430320212502,0.15039548598139696,-0.48118704310075466,1.6203424035116554,0.8415788453894986,0.23520745614561994,True,True,True,1.1117728365727093,17447.687450123794,17835.622716472037,9.036054611206055,0.2790811061859131
81,2026-06-21 22:11:07.587547,60,252,10,80,0.001654811784054654,256,1,0.1,32,9.274531732939255e-06,0.04,6,9747,5,3,2020-01-01,1.3092285764514031,0.18252125169963995,0.16188795911325038,1.1168025636030312,1.6203053717736884,0.7507224890160351,-0.24312745970733984,21650.378160801996,21446.605476907516,1.2914363312883461,0.2213309832947894,-0.13246940542947772,0.3313210215556901,1.9156156220512006,0.9934897749712265,0.6024564118216604,0.5874292328981134,0.39607198288489176,0.1176417169867694,-0.2805476189857039,37836.77927869395,1.2587381309424852,0.18790261793564111,-0.42362133782319084,1.657514239626798,0.8442908041351653,0.23856179331330613,True,True,True,1.1117728365727093,17447.687450123794,21650.378160801996,8.69113826751709,0.2768070697784424
82,2026-06-21 22:11:18.199036,60,252,10,70,0.0017805214380391017,192,1,0.0,64,7.994897624193843e-06,0.04,6,9422,5,3,2020-01-01,1.4494774563125619,0.1965708016250356,0.15476617047226723,1.237297014678286,1.7831645750808665,0.9975056615292037,-0.19706234180534588,21978.656892641804,21775.06973827614,1.283589809777194,0.21935327902515644,-0.13258616061951134,0.4425583474485802,2.0556262640432927,0.9969709548348036,0.7006884165278479,0.5912274073529972,0.3892646282675454,0.11582218732691496,-0.28059953846002805,38059.846315442,1.234765827657013,0.21617414977406435,-0.4907568983718493,1.6670048950944492,0.8457810491293498,0.24065690853107363,True,True,True,1.1117728365727093,17447.687450123794,21978.656892641804,8.59591555595398,0.31380438804626465
83,2026-06-21 22:11:28.843463,60,252,10,70,0.0019867515710465457,192,1,0.1,64,1.1114641674741461e-05,0.04,6,9191,5,3,2020-01-01,1.5259797532011476,0.20396519338739783,0.1606861892973802,1.2358860933423435,1.8020548702968258,1.0447615684903373,-0.1952265469356076,22293.619515282284,22090.029907060783,1.3899739526980552,0.2362079617346764,-0.1311318994775611,0.45747701735994417,2.056945416359791,0.9969470793057608,0.6996371042181855,0.5924436623341057,0.3935226013924906,0.11696099008996863,-0.27941060774609183,38622.311123360305,1.2046434980785257,0.2210545156964816,-0.4373805329024368,1.6959540803253768,0.8467351896462012,0.24089581786908404,True,True,True,1.1117728365727093,17447.687450123794,22293.619515282284,8.310346841812134,0.2897374629974365
84,2026-06-21 22:11:38.642627,60,252,10,70,0.002064779914402054,192,1,0.05,64,1.199146864196864e-05,0.04,6,8990,5,3,2020-01-01,1.479375602068799,0.1994823220376818,0.15887904457160343,1.2246279027233564,1.7902978922628885,0.9854834421678398,-0.20242077492328636,22104.39445892801,21900.870929149245,1.3548528553665522,0.24102720848820347,-0.12228508751568656,0.426387387388513,2.039954205736448,0.9967171036981832,0.6909583798688823,0.5285546367882108,0.3275503358826082,0.09904885711373934,-0.26760104807246987,36690.860226280754,1.1823224169264603,0.2018810941489686,-0.5560112786541577,1.6094669049938262,0.819361862106744,0.2077379973279147,True,True,True,1.1117728365727093,17447.687450123794,22104.39445892801,7.732443571090698,0.28035759925842285
85,2026-06-21 22:11:49.879082,60,252,10,70,0.0019749585725389665,192,1,0.05,64,1.4796840094125166e-05,0.04,6,8904,5,3,2020-01-01,1.3761052679584838,0.18930336472677123,0.1598303943108649,1.1649136987779156,1.7092637292244588,0.8702558893177976,-0.21752609439410753,21813.852462544415,21610.208244457663,1.3286942525072374,0.2122845916805538,-0.12052732345480466,0.38986737714238334,1.9648709225773875,0.9951955342317597,0.6430419637599074,0.5353208485436828,0.33776889482737626,0.10186155718247147,-0.2810439963458369,36688.044602420756,1.1387663635875311,0.19976230733874,-0.49195269349196813,1.5998016636054213,0.8220665097761604,0.21144044707253495,True,True,True,1.1117728365727093,17447.687450123794,21813.852462544415,9.15136170387268,0.3062751293182373
86,2026-06-21 22:12:01.067778,60,252,10,70,0.002664597754941997,192,1,0.05,64,1.0782112050418141e-05,0.05,6,8544,5,3,2020-01-01,1.521528433552386,0.20353988987386096,0.15890788870334693,1.2456950685918167,1.7980926532818553,1.0683311130698738,-0.19052135371119583,22108.281974810467,21904.7375050626,1.4197448423750068,0.19841723832936142,-0.10562415427167515,0.4751220741476304,2.0757658839973985,0.9971555541217568,0.7072587061689967,0.6200394558579201,0.4236255651002432,0.12494664836050795,-0.2726781209877833,39149.15270760279,1.2854836809400123,0.19161281597998991,-0.41755826093760356,1.6806328750547466,0.8571751482043399,0.2564607066771134,True,True,True,1.1117728365727093,17447.687450123794,22108.281974810467,8.840448141098022,0.604947566986084
87,2026-06-21 22:12:10.863068,60,252,10,60,0.004031146138585988,192,1,0.05,64,1.1014158455756232e-05,0.05,6,8536,5,3,2020-01-01,1.4380863559321284,0.1954540423225155,0.1568692233300798,1.2168346909891972,1.7962764101237223,1.02584977747355,-0.1905289123363435,21772.032407582323,21568.55588131476,1.3450286700633667,0.2082636747026685,-0.1279004482369578,0.41682627242413367,2.0307690506714695,0.9965472367485414,0.684873860411578,0.47447632715100524,0.28919521251873803,0.08836080874316887,-0.27712923626074226,35465.20364828607,1.0692115488316007,0.17028995110042855,-0.5545554639339669,1.5172124434953893,0.7937292834935515,0.18204765743844842,True,True,True,1.1117728365727093,17447.687450123794,21772.032407582323,7.668987989425659,0.2928304672241211
88,2026-06-21 22:12:21.131343,60,252,10,70,0.0030810700985832197,192,1,0.0,64,5.442602206974707e-06,0.05,6,9649,5,3,2020-01-01,1.385448931078447,0.19023873220714527,0.15750411292451977,1.1847861938289352,1.7158181261107877,0.8708854894877607,-0.2184428773971654,22026.221677089503,21822.552279570107,1.3338865184385784,0.22889790330397974,-0.13253352050799228,0.39213129580414285,1.9752304412272823,0.9957386238116633,0.6592026498562253,0.609363306918563,0.41116074075583353,0.1216537910685096,-0.28506328438453676,38750.757451640704,1.1888250169035177,0.18014184540629996,-0.5026115889445105,1.660621217764066,0.8533618945504875,0.25024262144677895,True,True,True,1.1117728365727093,17447.687450123794,22026.221677089503,7.976085186004639,0.37834596633911133
89,2026-06-21 22:12:30.251049,60,252,10,70,0.0026727060775388013,64,1,0.1,128,6.9362007551723255e-06,0.05,6,4735,5,3,2020-01-01,1.2681236165939418,0.17827437749464958,0.15786858603248072,1.1183721566891174,1.6309754273708954,0.841826647498977,-0.21177088896424634,21095.19454179888,20891.555524235428,1.2944549805737577,0.17968860522381935,-0.12390145341454861,0.3343879897381068,1.908189171140161,0.9935308393506344,0.6037514783295316,0.6298608898953139,0.41295517465962406,0.12212902184921837,-0.2457052115049,37321.02043720373,1.2817492665381933,0.21673076056459606,-0.4594763774151049,1.6234573816027038,0.8610886909726929,0.26182342130759717,True,True,True,1.1117728365727093,17447.687450123794,21095.19454179888,7.061787366867065,0.2872462272644043
90,2026-06-21 22:12:40.289074,60,252,10,50,0.0013068640851019151,192,1,0.1,64,4.248217397915032e-06,0.05,10,6317,5,3,2020-01-01,1.471330063067208,0.19870161014860455,0.159050404862106,1.2193849645082058,1.769828030626709,0.978948506067067,-0.20297452717598985,22011.581260500392,21808.017212343213,1.384218625506279,0.2283757310464649,-0.1191978444529116,0.4189990404958003,2.0317824739408676,0.9965957856137152,0.6868217322341357,0.535795722340543,0.32223312440459995,0.09757956072951579,-0.27560252293250653,36447.70534770059,1.146129022178195,0.23939689327443947,-0.5114072343115107,1.562868521449309,0.8222043409649942,0.2117502175503242,True,True,True,1.1117728365727093,17447.687450123794,22011.581260500392,8.001747608184814,0.30132389068603516
91,2026-06-21 22:12:53.628405,60,252,10,60,0.00028848333696434274,192,3,0.05,64,1.1172845110462189e-05,0.02,6,7160,5,3,2020-01-01,1.3494537490734193,0.1866190999233397,0.15674103284486637,1.170384806978004,1.7026235297349803,1.009431500514021,-0.1848754470494628,20956.043894497798,20752.557239721384,1.2751081770286012,0.21461704541532378,-0.1302986112327511,0.3769476707991116,2.0260235339020336,0.9952269539690634,0.6470329043371318,0.5558616481778382,0.41449879016477964,0.12253750505282635,-0.36283486744055127,37109.47352196663,1.1433875409215795,0.17391377028344346,-0.40249232437185545,1.6422474661351492,0.8321053726404076,0.22092864033560156,True,True,True,1.1117728365727093,17447.687450123794,20956.043894497798,11.065737247467041,0.31989502906799316
92,2026-06-21 22:13:03.579131,60,252,10,70,0.002142358891856481,192,1,0.05,64,1.2606368295277008e-05,0.04,6,9166,5,3,2020-01-01,1.4594795677181818,0.19754796825060494,0.1585088916309942,1.2169174795227,1.7763833684330315,0.9468125936288678,-0.2086452689580932,22079.62680088552,21875.976882965584,1.3610190436470004,0.2399120876444174,-0.11764763025539215,0.4199498018430739,2.0172521326418043,0.9965650296877943,0.685036289979984,0.5685153278775902,0.3750588286977925,0.11200590370730046,-0.2805238605340076,37928.43438679144,1.1794496436470279,0.1971075250206411,-0.46312854401077946,1.6261029776224896,0.8367721274695901,0.2282090090081061,True,True,True,1.1117728365727093,17447.687450123794,22079.62680088552,7.946883201599121,0.26920175552368164
93,2026-06-21 22:13:14.167397,60,252,10,70,0.0019506554213464325,192,1,0.0,64,9.894934566089722e-06,0.04,6,9004,5,3,2020-01-01,1.4278281765480068,0.1944447758543002,0.159010913825587,1.197250489124946,1.7509970321090094,0.9558000699833743,-0.20343666208110078,21771.085829806703,21567.408444711466,1.3252696947033062,0.21185528171890056,-0.13011637045506907,0.3999286488322317,2.013788931119,0.9960852098216069,0.6693549293885331,0.5035487682165174,0.3049403469300003,0.09277366349566107,-0.25850793891627466,35763.79592872644,1.0869276315517535,0.16245951441986972,-0.5498394851255581,1.5056531642342623,0.8074412476760453,0.19592583726462448,True,True,True,1.1117728365727093,17447.687450123794,21771.085829806703,8.309343338012695,0.2943260669708252
94,2026-06-21 22:13:23.457060,60,252,10,70,0.002204423621250338,192,1,0.05,64,1.8551601108284306e-05,0.04,6,9546,5,3,2020-01-01,1.4215285353854399,0.1938232847947099,0.16192346154018575,1.1753892702132418,1.7007900623468508,0.8385905269758377,-0.23112982863482134,22132.319999366773,21928.660996962655,1.3475419081877775,0.2423729627239315,-0.12461204076896748,0.37935339039672655,1.9615595452842776,0.9954758492236127,0.6515440509338637,0.5875824871422854,0.41006175204306694,0.1213625402900691,-0.28834211163598455,38796.65177483906,1.2432812360384744,0.1888494084328709,-0.44908089943285556,1.6961975613000964,0.8445987300049507,0.23842069960756795,True,True,True,1.1117728365727093,17447.687450123794,22132.319999366773,7.181320905685425,0.29035139083862305
95,2026-06-21 22:13:34.852005,60,252,10,70,0.003192430026611681,192,1,0.1,64,2.6290799075909046e-05,0.04,6,9626,5,3,2020-01-01,1.3584820100645425,0.1875311153440229,0.1593668366889146,1.1584897721979037,1.6978312081269569,0.8852872261297645,-0.21183081581766183,21627.520647240475,21423.9695282393,1.304780689836933,0.21748125759085868,-0.12567398023648524,0.3677204278574372,1.9612332739363465,0.9949562929965783,0.6375734216849988,0.5614842141859554,0.36944700787208995,0.11049108694358956,-0.27536739779504704,37198.52378261669,1.1538514802659008,0.1943517858780346,-0.46437136106232196,1.6714129972267548,0.8334892297672348,0.22481324700200367,True,True,True,1.1117728365727093,17447.687450123794,21627.520647240475,9.280083656311035,0.3150200843811035
96,2026-06-21 22:13:44.018666,60,252,10,70,0.003696866012760634,128,1,0.0,64,1.833651408940262e-05,0.03,6,8711,5,3,2020-01-01,1.2517994369027443,0.17657071179305395,0.15305995726274785,1.1392024574881672,1.6426582159502685,0.9629652092329377,-0.18336146529499608,21052.313177503576,20850.75124139589,1.2030524966551208,0.19466311986190998,-0.13981965016035436,0.3358960210909017,1.9867594414756806,0.9942118403020045,0.6211539955010864,0.5665190195519635,0.39418325979298907,0.11713747642168126,-0.3143302874531343,37047.52187292854,1.076258818409202,0.22504256039016846,-0.43547005133424677,1.640972912993895,0.835867876548642,0.22721850269203459,True,True,True,1.1117728365727093,17447.687450123794,21052.313177503576,6.976869344711304,0.2933778762817383
97,2026-06-21 22:13:54.519405,60,252,10,70,0.0027831148811710287,192,1,0.05,64,1.511053137341785e-05,0.04,6,8203,5,3,2020-01-01,1.2466067440940156,0.17602670832892908,0.16341477132760918,1.0741659541857589,1.5727534244834593,0.7271133524474892,-0.2420897755988347,21403.67737408866,21199.977367194617,1.3122527980339358,0.20820537606999445,-0.12664770239303325,0.2981638424456422,1.8811671764336764,0.9915546972113496,0.5655100729873276,0.5346393559260643,0.3596279600020911,0.10783061397798077,-0.2929445322704688,36679.6678837997,1.1520416536202889,0.17496382734127458,-0.5040984246724389,1.6379646153079677,0.8218110733327051,0.21105137470014923,True,True,True,1.1117728365727093,17447.687450123794,21403.67737408866,8.292847156524658,0.29001832008361816
98,2026-06-21 22:14:04.228563,60,63,5,60,0.002468603347531668,192,1,0.1,64,2.2658716794940574e-05,0.01,6,9462,5,3,2020-01-01,1.018499117783322,0.1510725603912546,0.16233962821201867,0.9480844455577413,1.2970563522130854,0.5899468083553981,-0.2560782739250703,19709.74848781006,19507.640000392283,1.4574923777731021,0.2518003666077384,-0.12898597417255198,0.11821423464007637,1.7227533511330104,0.9822115325326254,0.4541879636114286,0.5014808549172759,0.32048636286025456,0.0970960215288148,-0.3439477801393236,33416.42949948001,1.103868000260504,0.16613769769328623,-0.4491770422000523,1.5616306251354077,0.8068568820791748,0.19454875391400167,True,True,True,1.1117728365727093,17447.687450123794,19709.74848781006,7.481330633163452,0.2666010856628418
99,2026-06-21 22:14:12.001490,60,252,10,20,0.0014940585897100394,192,2,0.15000000000000002,64,8.889999814385946e-06,0.04,6,6760,5,3,2020-01-01,1.1110698651268502,0.16145851360795094,0.16651154970043458,0.9824372377169899,1.4015753886098719,0.8106988197478777,-0.19915967517772326,19689.814966029073,19486.254526304667,1.2266866666998142,0.20177116753501023,-0.13831614822246252,0.14322801136099436,1.8287352233723948,0.9852465416069222,0.4844805441303519,0.510439257610454,0.3501539711374535,0.10525146536669006,-0.3525997853344164,34074.52770450891,1.1003234914794018,0.18499916108687953,-0.49215328002535064,1.5647731514774565,0.8110604777484598,0.19884828423416478,True,True,True,1.1117728365727093,17447.687450123794,19689.814966029073,5.525357723236084,0.33162927627563477
100,2026-06-21 22:14:20.954872,60,126,10,60,0.0022490592542277633,192,1,0.05,32,7.232148300731255e-06,0.04,10,9836,5,3,2020-01-01,1.0460014327028881,0.15419727309518794,0.15381986158041805,1.0094101545438139,1.445015775325953,0.5893059892727798,-0.26165909714488345,20222.519703920272,20019.414250193357,1.5008891767927557,0.22768733095445937,-0.10483867962513138,0.1930367042123158,1.8498555420826592,0.9876133067445789,0.508348490652189,0.6011491525987857,0.39056022727743267,0.11616894366778618,-0.2686666235525922,35759.23565001389,1.1924819087091727,0.21572000453962792,-0.41189670986158355,1.6355580423747238,0.8499597829521188,0.24587153635483283,True,True,True,1.1117728365727093,17447.687450123794,20222.519703920272,6.426081418991089,0.4220540523529053
101,2026-06-22 00:30:39.765125,60,252,10,70,0.0018349746049611318,256,1,0.1,64,1.8250050537448395e-05,0.05,6,9182,5,3,2020-01-01,1.4319075541929154,0.19484653924480533,0.15281114649498145,1.2417232686341568,1.7987394086156114,1.0526895984650855,-0.18509401017062277,21886.709906128744,21683.63769013596,1.3001076271858822,0.22190230466796979,-0.13756675611676328,0.44670565397385154,2.103664637734838,0.997047529282057,0.7039939561027025,0.536497616737731,0.3182582508720617,0.09647861543948189,-0.25115079927888007,36322.64078044001,1.1412802034721732,0.18243862088488405,-0.5495488325684111,1.5798439631638008,0.8225572507489668,0.21206428293925933,True,True,True,1.1117728365727093,17447.687450123794,21886.709906128744,15.701815605163574,0.5443603992462158
102,2026-06-22 00:30:52.806820,60,252,10,70,0.0016721267381685535,192,1,0.05,64,0.00027801067964580413,0.04,6,8942,5,3,2020-01-01,1.410910869107099,0.19277286678198302,0.15380054550311553,1.2234010920082072,1.7928494397471217,1.0475938149327064,-0.18401489588249054,21712.655820944325,21508.876526910313,1.2455278664163127,0.2059206486312335,-0.13176926220109264,0.4309345898839464,2.0322766805566634,0.996704448886935,0.6900917805601882,0.5591672105189969,0.34908934370164824,0.104960883582631,-0.2541591591150244,36768.0150183897,1.2446121363491571,0.184159460919034,-0.4865223300434654,1.6055925786347833,0.8322816307383729,0.22381322122005337,True,True,True,1.1117728365727093,17447.687450123794,21712.655820944325,10.75268292427063,0.30532169342041016
103,2026-06-22 00:31:04.165266,60,252,10,70,0.002036230020091203,192,1,0.35000000000000003,64,1.2332001293116445e-05,0.04,6,8525,5,3,2020-01-01,1.3539570512255095,0.18707436342665917,0.15934999449154666,1.1561762319272006,1.6735281266091353,0.794671507671867,-0.23541093599130936,22029.041985950862,21825.93725321628,1.3386914149382654,0.23697089848551256,-0.12728838966232492,0.3698210247174193,1.9343879705405196,0.994888204736857,0.6356700778293246,0.5973830751446148,0.4117009126625162,0.12179689042347919,-0.27514631472561424,38748.37525592536,1.2197145223809447,0.19063148011986297,-0.4322318631970226,1.6881933575562884,0.848374225400339,0.24389125187130595,True,True,True,1.1117728365727093,17447.687450123794,22029.041985950862,8.924365758895874,0.3353614807128906
104,2026-06-22 00:31:13.348271,60,252,10,30,0.0023890627063244928,192,1,0.05,64,9.560930860784638e-06,0.04,6,9348,5,3,2020-01-01,1.1998316724158111,0.17108052295135945,0.1661392594083405,1.0338641201177103,1.505183132717718,0.6552728207449672,-0.26108289178980637,21402.719130760423,21198.955400843377,1.2564473014036734,0.2114666828323042,-0.13382637919583806,0.2633974522447411,1.8305945192093847,0.989288892936939,0.5300324061199397,0.5809755002840865,0.4113294656044877,0.12169849264374699,-0.2951068685675573,37853.51839973698,1.1600178163780082,0.17200026728427797,-0.49674782401401335,1.6844668124479636,0.8420179531139631,0.2347624132685553,True,True,True,1.1117728365727093,17447.687450123794,21402.719130760423,6.615089416503906,0.31180810928344727
105,2026-06-22 00:31:26.268685,60,252,10,70,0.0022173162023516033,192,1,0.0,64,1.4243934798988143e-05,0.04,6,7951,5,3,2020-01-01,1.4523119903000024,0.19684804786789023,0.15637080065457915,1.2276727560943972,1.7779981673753742,0.9683214027000616,-0.20328792415307595,22077.260487984564,21873.523251104336,1.3225249192886452,0.22687737882899195,-0.12768971059158685,0.4107569842128353,2.0407951111512594,0.9967837479234006,0.6933367069713341,0.5813198217038519,0.39829867320400325,0.11823560232877073,-0.2805397665510825,38429.943209816935,1.2328043269882,0.20399262085977532,-0.43750940776346964,1.6855701234195066,0.8420565398401321,0.23504112226796914,True,True,True,1.1117728365727093,17447.687450123794,22077.260487984564,9.92368745803833,0.3038513660430908
106,2026-06-22 00:31:40.791763,60,252,10,70,0.002786368089596653,192,1,0.1,64,5.755297303722258e-06,0.04,6,9491,5,3,2020-01-01,1.4244296261008218,0.19410965229214527,0.15861645936232446,1.1980597998378697,1.7676993932069711,0.9700815104947138,-0.20009622922629966,21905.16161207877,21701.297150931245,1.3618220697948857,0.2148113316343605,-0.1207788687692406,0.3908959359267073,2.0291801288053533,0.9961138231448144,0.6700464685970096,0.4878731150483165,0.304566402664181,0.09266927162684468,-0.30260582323396634,35942.12009281404,1.1062545152983982,0.16653627178314712,-0.5635623668555035,1.5262453036304215,0.8006022670619262,0.1878838850638223,True,True,True,1.1117728365727093,17447.687450123794,21905.16161207877,11.660381555557251,0.38297176361083984
107,2026-06-22 00:31:56.734591,60,252,10,70,0.001876936236754306,192,1,0.05,64,7.796327091067206e-06,0.04,6,6502,5,3,2020-01-01,1.432284483796693,0.1948836344948761,0.15936604145548477,1.1972344923269453,1.7668984616382932,0.9152501523696759,-0.2129293658026743,22066.896216296493,21863.22867071613,1.3531568837628338,0.24249448560206988,-0.11648090647888154,0.41699050295093776,1.9999975938371848,0.9961071923639557,0.669457398340313,0.6223907400819266,0.4055122353687548,0.1201552281046041,-0.26479378397230346,38573.79899531387,1.29608726858856,0.22257071172145015,-0.4614871411281902,1.7296849130396112,0.8578306435418253,0.257989665547062,True,True,True,1.1117728365727093,17447.687450123794,22066.896216296493,13.220087051391602,0.366527795791626
108,2026-06-22 00:32:08.606398,60,252,10,80,0.0014060924935149527,64,1,0.15000000000000002,128,1.1188052513252553e-05,0.03,6,7470,5,3,2020-01-01,1.2430258126861768,0.1756509721720365,0.1594349313373121,1.0949917511344502,1.5481823560845585,0.8875716262372447,-0.1979006166710039,20751.043253199536,20547.49305386597,1.3775632727693037,0.21117285480275183,-0.12583744345248382,0.32062386157905853,1.908175291988235,0.9924050525362647,0.5834065571555493,0.5319103108429529,0.3500923466172208,0.1052346495987555,-0.2975989924936411,35516.9832290871,1.1553739073599785,0.19037201082813326,-0.45947053528401005,1.617368260848332,0.8204741412654033,0.2097964981440551,True,True,True,1.1117728365727093,17447.687450123794,20751.043253199536,9.502508163452148,0.3657841682434082
109,2026-06-22 00:32:23.650988,60,252,10,70,0.0012361656597418245,192,1,0.1,64,1.8899629060718775e-05,0.04,6,1166,5,3,2020-01-01,1.454851944274429,0.19709626357523558,0.1588909448903478,1.2119901233396695,1.7673469614154933,0.8834193204425943,-0.22310612753690973,22289.234315655045,22085.664146548905,1.3766452772281546,0.2491442811755833,-0.10844776571728865,0.4508066344706636,1.9851582768110647,0.9964653018669596,0.6812268344075615,0.6268758594095359,0.4361914444289967,0.12824680345135486,-0.28897739312258686,39710.582533855006,1.2741404697289804,0.22540567896745078,-0.35563800029169296,1.69089165644069,0.859865826963659,0.26022219808892005,True,True,True,1.1117728365727093,17447.687450123794,22289.234315655045,12.460648536682129,0.3305203914642334
110,2026-06-22 00:32:41.359839,60,252,10,60,0.0012817316151050007,192,1,0.1,64,1.6276630177984866e-05,0.04,10,2606,5,3,2020-01-01,1.279469612710804,0.1794527302476614,0.15503351576738217,1.142423974313972,1.6458079784263409,0.813774939006843,-0.2205188703238653,21486.466994302038,21282.830756591316,1.2935438409696245,0.21775161915828023,-0.1277717206161928,0.34590599437185776,1.9567123529353674,0.994406514694284,0.6240969633827047,0.56054954285466,0.349718879543383,0.10513272896153247,-0.2676988459000128,36500.66370639955,1.2059327584759578,0.19968408990423137,-0.5054728544349162,1.65689180092477,0.8327793265618197,0.22461874245234026,True,True,True,1.1117728365727093,17447.687450123794,21486.466994302038,14.998934030532837,0.36484742164611816
